USE students_db;

INSERT INTO passports (first_name, last_name) 
VALUES ('Igor', 'Golovko'), ('Valeryi', 'Zaginaiko'), ('Vasilyi', 'Topornikov'),
('Vladislav', 'Brovko'), ('Vasgen', 'Aganyesian'), ('Valentin', 'Ignatenko'),
('Aleksei', 'Dubin'), ('Petr', 'Luchko'), ('Maria', 'Belaya'), ('Yulyia', 'Gorod`ko'),

('Denis', 'Shtern'), ('Jaedong', 'Lee'), ('Samir', 'Nilson'), ('David', 'Rot'),
('Fransua', 'Duram'), ('Jan', 'Degoni'), ('Lucy', 'Vertran'), ('Benjamin', 'van der Veen'),

('Anatoliy', 'Bevz'), ('Viacheslav', 'Vasylev'), ('Nikolai', 'Kostin'), ('Elena', 'Sheikina'), ('Anatoliy', 'Kiyko'),
('Gennadiy', 'Get`man'), ('Andrey', 'Afanasov'), ('Sergey', 'Arpul`'), ('Uriy', 'Mikhailenko'), ('Nikolai', 'Visin');

    -- Filling of the students
-- Graduated students
INSERT INTO students (id_passport, edmission_date, graduation_date)
VALUES (1, '2006-09-01', '2011-07-20'), (2, '2006-09-01', '2011-07-20');

-- Current students
INSERT INTO students (id_passport, edmission_date)
VALUES (3, '2016-09-01'), (4, '2016-09-01'), (5, '2016-09-01'), (6, '2016-09-01'), (7, '2016-09-01'), (8, '2016-09-01'),
(9, '2016-09-01'), (10, '2016-09-01'),

-- Foreign students
(11, '2016-09-01'), (12, '2016-09-01'), (13, '2016-09-01'), (14, '2016-09-01'), (15, '2016-09-01'), (16, '2016-09-01'),
(17, '2016-09-01'), (18, '2016-09-01'), (19, '2016-09-01');


-- Filling of the forms
INSERT INTO forms (name) 
VALUES ('Full-time'), ('Distance');

-- Filling of the groups: F - group for foreign students, D - distance form of education
INSERT INTO groups (name, id_form) 
VALUES ('252', 1), ('211', 1), ('212', 1), ('211F', 1), ('211D', 2);

-- Filling of the student_group
INSERT INTO student_group (id_student, id_group) 
VALUES (1, 1), (2, 1), (3, 2), (4, 2), (5, 2), (6, 2), (7, 3), (8, 3), (9, 3), 
(10, 3), (11, 4), (12, 4), (13, 4), (14, 4), (15, 4), (16, 5), (17, 5), (18, 5), 
(19, 5); 

-- Filling of the teachers
INSERT INTO teachers (id_passport) 
VALUES (20), (21), (22), (23), (24), (25), (26), (27), (28);

-- Filling of the subjects
INSERT INTO subjects (name) 
VALUES ('Electrical transport'), ('Electric drive'),  ('Electronics'), 
('Theoretical fundamentals of electrical engineering'), ('Higher mathimatics');

-- Filling of the subject_teacher
INSERT INTO subject_teacher (id_subject, id_teacher) 
VALUES (1, 1), (1, 6), (2, 1), (2, 4), (3, 8), (3, 9), (4, 2), (4, 3), 
(5, 5), (5, 7);

-- Filling of the marks
INSERT INTO marks (id_student, id_group, id_subject, mark, date, id_teacher) 
VALUES
-- 252 group
(1, 1, 1, 90, '2006-01-04', 1), (1, 1, 2, 80, '2006-01-06', 1),
(1, 1, 3, 77, '2006-01-12', 8), (1, 1, 4, 55, '2006-01-14', 2), (1, 1, 5, 83, '2006-01-21', 7),

(2, 1, 1, 84, '2006-01-04', 1), (2, 1, 2, 82, '2006-01-06', 1), (2, 1, 3, 88, '2006-01-12', 8),
(2, 1, 4, 74, '2006-01-14', 2), (2, 1, 5, 95, '2006-01-21', 7), 

-- 211 group
(3, 2, 1, 84, '2016-01-04', 1), (3, 2, 2, 92, '2016-01-06', 1), (3, 2, 3, 80, '2016-01-12', 8),
(3, 2, 4, 76, '2016-01-14', 2), (3, 2, 5, 90, '2016-01-21', 7),

(4, 2, 1, 81, '2016-01-04', 1), (4, 2, 2, 89, '2016-01-06', 1), (4, 2, 3, 70, '2016-01-12', 8),
(4, 2, 4, 72, '2016-01-14', 2), (4, 2, 5, 86, '2016-01-21', 7),

(5, 2, 1, 63, '2016-01-04', 1), (5, 2, 2, 87, '2016-01-06', 1), (5, 2, 3, 60, '2016-01-12', 8),
(5, 2, 4, 98, '2016-01-14', 2), (5, 2, 5, 96, '2016-01-21', 7),

(6, 2, 1, 91, '2016-01-04', 1), (6, 2, 2, 82, '2016-01-06', 1), (6, 2, 3, 84, '2016-01-12', 8),
(6, 2, 4, 85, '2016-01-14', 2), (6, 2, 5, 34, '2016-01-21', 7),

-- 212 group
(7, 3, 1, 87, '2016-01-04', 6), (7, 3, 2, 85, '2016-01-06', 4), (7, 3, 3, 72, '2016-01-12', 9),
(7, 3, 4, 69, '2016-01-14', 3), (7, 3, 5, 73, '2016-01-21', 5),

(8, 3, 1, 68, '2016-01-04', 6), (8, 3, 2, 83, '2016-01-06', 4), (8, 3, 3, 74, '2016-01-12', 9),
(8, 3, 4, 66, '2016-01-14', 3), (8, 3, 5, 68, '2016-01-21', 5),

(9, 3, 1, 74, '2016-01-04', 6), (9, 3, 2, 87, '2016-01-06', 4), (9, 3, 3, 73, '2016-01-12', 9),
(9, 3, 4, 76, '2016-01-14', 3), (9, 3, 5, 98, '2016-01-21', 5),

(10, 3, 1, 73, '2016-01-04', 6), (10, 3, 2, 73, '2016-01-06', 4), (10, 3, 3, 76, '2016-01-12', 9),
(10, 3, 4, 82, '2016-01-14', 3), (10, 3, 5, 75, '2016-01-21', 5),

-- 211F group
(11, 4, 1, 79, '2016-01-04', 1), (11, 4, 2, 69, '2016-01-06', 1), (11, 4, 3, 89, '2016-01-12', 9),
(11, 4, 4, 77, '2016-01-14', 2), (11, 4, 5, 71, '2016-01-21', 7),

(12, 4, 1, 88, '2016-01-04', 1), (12, 4, 2, 87, '2016-01-06', 1), (12, 4, 3, 90, '2016-01-12', 8),
(12, 4, 4, 82, '2016-01-14', 2), (12, 4, 5, 84, '2016-01-21', 7),

(13, 4, 1, 86, '2016-01-04', 1), (13, 4, 2, 88, '2016-01-06', 1), (13, 4, 3, 98, '2016-01-12', 8),
(13, 4, 4, 74, '2016-01-14', 2), (13, 4, 5, 93, '2016-01-21', 7),

(14, 4, 1, 75, '2016-01-04', 1), (14, 4, 2, 81, '2016-01-06', 1), (14, 4, 3, 73, '2016-01-12', 8),
(14, 4, 4, 68, '2016-01-14', 2), (14, 4, 5, 79, '2016-01-21', 7),

(15, 4, 1, 51, '2016-01-04', 1), (15, 4, 2, 85, '2016-01-06', 1), (15, 4, 3, 75, '2016-01-12', 8),
(15, 4, 4, 12, '2016-01-14', 2), (15, 4, 5, 93, '2016-01-21', 7),

-- 211D group
(16, 5, 1, 81, '2016-01-04', 6), (16, 5, 2, 78, '2016-01-06', 4), (16, 5, 3, 87, '2016-01-12', 9),
(16, 5, 4, 83, '2016-01-14', 3), (16, 5, 5, 88, '2016-01-21', 5),

(17, 5, 1, 89, '2016-01-04', 6), (17, 5, 2, 61, '2016-01-06', 4), (17, 5, 3, 65, '2016-01-12', 9),
(17, 5, 4, 82, '2016-01-14', 3), (17, 5, 5, 67, '2016-01-21', 5),

(18, 5, 1, 78, '2016-01-04', 6), (18, 5, 2, 87, '2016-01-06', 4), (18, 5, 3, 64, '2016-01-12', 9),
(18, 5, 4, 76, '2016-01-14', 3), (18, 5, 5, 95, '2016-01-21', 5),

(19, 5, 1, 66, '2016-01-04', 6), (19, 5, 2, 89, '2016-01-06', 4), (19, 5, 3, 25, '2016-01-12', 9),
(19, 5, 4, 77, '2016-01-14', 3), (19, 5, 5, 99, '2016-01-21', 5);
